Edge Point,Start Regime,Start Probability,End Regime,End Probability
2.2466900792945615e-08,Normal,0.5134153450117709,Vasodilation,0.486584654988229
2.2466900792945615e-08,Normal,0.5134153450117709,Vasodilation,0.486584654988229
2.6619399353307994e-08,Extreme Vasodilation,0.4673888630360004,Vasodilation,0.5326111369639996
2.6619399353307994e-08,Extreme Vasodilation,0.4673888630360004,Vasodilation,0.5326111369639996
1.4905760146456547e-08,Normal,0.5056336955252451,Vasoconstriction,0.4943663044747549
1.4905760146456547e-08,Normal,0.5056336955252451,Vasoconstriction,0.4943663044747549
5.8778957890563364e-09,Blockage,0.4639575605153116,Vasoconstriction,0.5360424394846884
5.8778957890563364e-09,Blockage,0.4639575605153116,Vasoconstriction,0.5360424394846884
